{
  "project_info": {
    "project_number": "292353988899",
    "project_id": "grubholic",
    "storage_bucket": "grubholic.appspot.com"
  },
  "client": [
    {
      "client_info": {
        "mobilesdk_app_id": "1:292353988899:android:c6427dac1d52da37111496",
        "android_client_info": {
          "package_name": "com.cEGrubHolic.business"
        }
      },
      "oauth_client": [
        {
          "client_id": "292353988899-452544l950sqf2q2hs2ikm73r6781he8.apps.googleusercontent.com",
          "client_type": 1,
          "android_info": {
            "package_name": "com.cEGrubHolic.business",
            "certificate_hash": "408aa423b0a28747d81bcc38fd4d19e735ab3ebe"
          }
        },
        {
          "client_id": "292353988899-airm28e5b532ovleijpr8dm0pn0obu31.apps.googleusercontent.com",
          "client_type": 3
        }
      ],
      "api_key": [
        {
          "current_key": "AIzaSyD2Om7iDtMYKlF13_T55gefEFx3rjrY2Pg"
        }
      ],
      "services": {
        "appinvite_service": {
          "other_platform_oauth_client": [
            {
              "client_id": "292353988899-airm28e5b532ovleijpr8dm0pn0obu31.apps.googleusercontent.com",
              "client_type": 3
            }
          ]
        }
      }
    },
    {
      "client_info": {
        "mobilesdk_app_id": "1:292353988899:android:e14526ba3afda6fb111496",
        "android_client_info": {
          "package_name": "com.cEGrubHolic.customer"
        }
      },
      "oauth_client": [
        {
          "client_id": "292353988899-61mbqgk4nod2uu9kpf8kd5ijqovtlttd.apps.googleusercontent.com",
          "client_type": 1,
          "android_info": {
            "package_name": "com.cEGrubHolic.customer",
            "certificate_hash": "408aa423b0a28747d81bcc38fd4d19e735ab3ebe"
          }
        },
        {
          "client_id": "292353988899-airm28e5b532ovleijpr8dm0pn0obu31.apps.googleusercontent.com",
          "client_type": 3
        }
      ],
      "api_key": [
        {
          "current_key": "AIzaSyD2Om7iDtMYKlF13_T55gefEFx3rjrY2Pg"
        }
      ],
      "services": {
        "appinvite_service": {
          "other_platform_oauth_client": [
            {
              "client_id": "292353988899-airm28e5b532ovleijpr8dm0pn0obu31.apps.googleusercontent.com",
              "client_type": 3
            }
          ]
        }
      }
    },
    {
      "client_info": {
        "mobilesdk_app_id": "1:292353988899:android:6668deb7aae90ed9111496",
        "android_client_info": {
          "package_name": "com.cEGrubHolic.driver"
        }
      },
      "oauth_client": [
        {
          "client_id": "292353988899-f2b2mlu6hmokao4a0440i7itmdhka1ir.apps.googleusercontent.com",
          "client_type": 1,
          "android_info": {
            "package_name": "com.cEGrubHolic.driver",
            "certificate_hash": "408aa423b0a28747d81bcc38fd4d19e735ab3ebe"
          }
        },
        {
          "client_id": "292353988899-airm28e5b532ovleijpr8dm0pn0obu31.apps.googleusercontent.com",
          "client_type": 3
        }
      ],
      "api_key": [
        {
          "current_key": "AIzaSyD2Om7iDtMYKlF13_T55gefEFx3rjrY2Pg"
        }
      ],
      "services": {
        "appinvite_service": {
          "other_platform_oauth_client": [
            {
              "client_id": "292353988899-airm28e5b532ovleijpr8dm0pn0obu31.apps.googleusercontent.com",
              "client_type": 3
            }
          ]
        }
      }
    }
  ],
  "configuration_version": "1"
}